{
  "newsarr": [
    {
      "id": 0,
      "type": "WORLD",
      "image": "https://upload.wikimedia.org/wikipedia/en/thumb/a/a4/Flag_of_the_United_States.svg/300px-Flag_of_the_United_States.svg.png",
      "head": "Donald Trump is elected as US President",
      "para": "The moment is just one example of a critique Trump has faced repeatedly: He genuinely seems to view black people as a monolithic",
      "description": "US President Donald Trump has vowed to ‘totally destroy’ ISIS and rebuild the US military as part of measures to keep the country safe. 'Here’s the bottom line. We’ve got to keep our country safe. You look at what’s happening,' Trump said at a campaign-style rally in Florida, nearly a month after taking oath. 'We’ve allowed thousands and thousands of people into our country. And there was no way to vet those people. There was no documentation. There was no nothing,' he claimed.",
      "comment": []
    },
    {
      "id": 1,
      "type": "NATION",
      "image": "http://timesofindia.indiatimes.com/photo/55620307.cms",
      "head": "Demonetization",
      "para": "Finance Minister Arun Jaitley on Friday put up a spirited defence of demonetisation, saying the drive 'shook' the financial system for a short while, but will integrate the shadow economy with the formal in the long run and ensure better tax compliance.",
      "description": "The government's demonetization move has led to widespread adoption of online payment and is expected to have a positive long term impact on the economy, according to a report.The report titled 'India: Transforming through radical reforms' by Assocham and EY observed that improved governance, favourable conditions to conduct business, transparency in government procedures and responsive policy making with an immediate focus on effective implementation of reforms will continue to evolve India into a preferred destination for foreign investment.",
      "comment": [
        {
          "author": "Joe",
          "body": "Cool post!",
          "date": "05/01/2017"
        },
        {
          "author": "Bob",
          "body": "Great idea but everything is wrong!",
          "date": "12/02/2017"
        },
        {
          "body": "its superb",
          "author": "radhi",
          "date": "2017-02-19T19:04:38.908Z"
        },
        {
          "body": "its unstable",
          "author": "vans",
          "date": "13-11-2017"
        }
      ]
    },
    {
      "id": 2,
      "type": "WORLD",
      "image": "https://upload.wikimedia.org/wikipedia/en/thumb/a/a4/Flag_of_the_United_States.svg/300px-Flag_of_the_United_States.svg.png",
      "head": "Donald Trump is elected as US President",
      "para": "The moment is just one example of a critique Trump has faced repeatedly: He genuinely seems to view black people as a monolithic. ",
      "description": "US President Donald Trump has vowed to ‘totally destroy’ ISIS and rebuild the US military as part of measures to keep the country safe. 'Here’s the bottom line. We’ve got to keep our country safe. You look at what’s happening,' Trump said at a campaign-style rally in Florida, nearly a month after taking oath. 'We’ve allowed thousands and thousands of people into our country. And there was no way to vet those people. There was no documentation. There was no nothing,' he claimed.",
      "comment": []
    },
    {
      "id": 3,
      "type": "BUSINESS",
      "image": "http://www.thehindu.com/business/Economy/article17326743.ece/alternates/FREE_660/BANGLADESHBORDERATPETRAPOLEBU",
      "head": "Poor connectivity hits border trade",
      "para": "Bangladesh border situation yet to improve, 20 months after ‘historic’ visit by PM",
      "description": "India-Bangladesh trade ties are troubled by 'poor' rail- and river-connectivity at the region bordering Assam as well as a delay in the operationalisation of four NEW ‘border haats’ (or border markets) at the area bordering Meghalaya.This is the situation even 20 months after Prime Minister Narendra Modi’s Bangladesh visit that paved way for, among other things, the 'historic'' ceremony of exchange of instruments of ratification of the India-Bangladesh Land Boundary Agreement, 1974 and its 2011 Protocol. It also resulted in an agreement on several measures to “widen bilateral trade, investment and economic cooperation in a balanced and sustainable manner to mutual benefit but also open up opportunities for regional trade.Bangladesh was India’s largest South Asian trading partner in 2015-16 — with bilateral trade worth $6.8 billion that fiscal.",
      "comment": [
        {
          "body": "hmmm",
          "author": "radhi",
          "date": "2017-02-19T19:05:30.365Z"
        },
        {
          "body": "koi baat nhi",
          "author": "radhi",
          "date": "19-02-2017"
        }
      ]
    },
    {
      "id": 4,
      "type": "BUSINESS",
      "image": "http://images.deccanchronicle.com/dc-Cover-ogmd2c5ucle0ob5i2nqvv17k45-20170218172031.Medi.jpeg",
      "head": "SBI associate SBT to raise up to ₹600 crore",
      "para": "It will issue Basel-compliant bonds.Ahead of its proposed merger with SBI, State Bank of Travancore (SBT) will raise up to ₹600 crore to shore up additional tier-I capital by issuing Basel compliant bonds through private placement.",
      "description": "Ahead of its proposed merger with SBI, State Bank of Travancore (SBT) will raise up to ₹600 crore to shore up additional tier-I capital by issuing Basel compliant bonds through private placement.\nThe bank got approval of its Executive Committee today to raise the money.The executive committee of the board of directors of the bank at its meeting held on February 18, 2017 has approved the raising of up to ₹600 crore by way of issue of Basel III compliant additional tier-I bonds by private placement,” SBT said in a regulatory filing.\nOn Wednesday, the Union Cabinet cleared the proposal to merge State Bank of India (SBI) with five of its associate banks — three of which are listed and other two unlisted.",
      "comment": [
        {
          "body": "good",
          "author": "ayush",
          "date": "13-11-2017"
        }
      ]
    },
    {
      "id": 5,
      "type": "SPORTS",
      "image": "http://www.thehindu.com/sport/cricket/article17327359.ece/alternates/FREE_660/TH19EAST",
      "head": "Jaggi and Virat power the team home against West",
      "para": "Jaggi and Virat power the team home against West.East Zone took the field with three wins under its belt and thrashed West Zone by eight wickets to win the Syed Mushtaq Ali Inter-Zone Twenty20 league at the Wankhede Stadium here on Saturday.",
      "description": "East Zone took the field with three wins under its belt and thrashed West Zone by eight wickets to win the Syed Mushtaq Ali Inter-Zone Twenty20 league at the Wankhede Stadium here on Saturday.\nVirat Singh, with an unbeaten 58, and Ishank Jaggi, who made an attractive 56, starred in the chase.\nFor West, Sheldon Jackson (52) got going, but once he departed in the the 15th over, West did not have the sturdy men to play the big shots.\nThe scores:\nWest Zone: Sheldon Jackson c Virat b Ojha 52, Parthiv Patel lbw b Pradhan 17, Aditya Tare c Arun Karthick b Das 1, Deepak Hooda b Ghosh 19, Prerak Mankad b Das 20, Rujul Bhatt (not out) 36, Irfan Pathan (not out) 2, Extras (lb-1,w-1) 2, Total (for five wkts in 20 overs) 149.",
      "comment": []
    },
    {
      "id": 6,
      "type": "WORLD",
      "image": "https://upload.wikimedia.org/wikipedia/en/thumb/a/a4/Flag_of_the_United_States.svg/300px-Flag_of_the_United_States.svg.png",
      "head": "Donald Trump is elected as US President",
      "para": "The moment is just one example of a critique Trump has faced repeatedly: He genuinely seems to view black people as a monolithic",
      "description": "US President Donald Trump has vowed to ‘totally destroy’ ISIS and rebuild the US military as part of measures to keep the country safe. 'Here’s the bottom line. We’ve got to keep our country safe. You look at what’s happening,' Trump said at a campaign-style rally in Florida, nearly a month after taking oath. 'We’ve allowed thousands and thousands of people into our country. And there was no way to vet those people. There was no documentation. There was no nothing,' he claimed.",
      "comment": []
    }
  ]
}